Type,Filter,TRUTH.TOTAL,TRUTH.TP,TRUTH.FN,QUERY.TOTAL,QUERY.FP,QUERY.UNK,FP.gt,FP.al,METRIC.Recall,METRIC.Precision,METRIC.Frac_NA,METRIC.F1_Score,TRUTH.TOTAL.TiTv_ratio,QUERY.TOTAL.TiTv_ratio,TRUTH.TOTAL.het_hom_ratio,QUERY.TOTAL.het_hom_ratio
INDEL,ALL,936,788,148,918,111,1,27,13,0.84188,0.8789530000000001,0.0010890000000000001,0.860017,,,1.76,2.167832167832168
INDEL,PASS,936,786,150,899,95,0,26,12,0.839744,0.8943270000000001,0.0,0.8661760000000001,,,1.76,2.145390070921986
SNP,ALL,21151,19903,1248,20295,393,0,165,18,0.9409959999999999,0.9806360000000001,0.0,0.960407,2.9675543885971494,3.057565460723566,1.6056685150955021,1.5420373386793635
SNP,PASS,21151,19707,1444,19849,143,0,69,8,0.9317290000000001,0.9927959999999999,0.0,0.9612930000000001,2.9675543885971494,3.061783960720131,1.6056685150955021,1.5788926436184039
