Type,Filter,TRUTH.TOTAL,TRUTH.TP,TRUTH.FN,QUERY.TOTAL,QUERY.FP,QUERY.UNK,FP.gt,FP.al,METRIC.Recall,METRIC.Precision,METRIC.Frac_NA,METRIC.F1_Score,TRUTH.TOTAL.TiTv_ratio,QUERY.TOTAL.TiTv_ratio,TRUTH.TOTAL.het_hom_ratio,QUERY.TOTAL.het_hom_ratio
INDEL,ALL,936,708,228,1074,352,1,65,46,0.75641,0.671948,0.0009310000000000001,0.7116819999999999,,,1.76,3.9348837209302325
INDEL,PASS,936,708,228,1074,352,1,65,46,0.75641,0.671948,0.0009310000000000001,0.7116819999999999,,,1.76,3.9348837209302325
SNP,ALL,21151,18683,2468,18852,169,0,94,4,0.883315,0.991035,0.0,0.9340799999999999,2.9675543885971494,3.087578582267505,1.6056685150955021,1.5628229534946967
SNP,PASS,21151,18683,2468,18852,169,0,94,4,0.883315,0.991035,0.0,0.9340799999999999,2.9675543885971494,3.087578582267505,1.6056685150955021,1.5628229534946967
