Type,Filter,TRUTH.TOTAL,TRUTH.TP,TRUTH.FN,QUERY.TOTAL,QUERY.FP,QUERY.UNK,FP.gt,FP.al,METRIC.Recall,METRIC.Precision,METRIC.Frac_NA,METRIC.F1_Score,TRUTH.TOTAL.TiTv_ratio,QUERY.TOTAL.TiTv_ratio,TRUTH.TOTAL.het_hom_ratio,QUERY.TOTAL.het_hom_ratio
INDEL,ALL,936,727,209,1203,461,2,70,51,0.776709,0.616153,0.001663,0.687178,,,1.76,4.215859030837004
INDEL,PASS,936,720,216,1055,322,0,65,48,0.769231,0.694787,0.0,0.730116,,,1.76,3.818604651162791
SNP,ALL,21151,18981,2170,19239,258,0,131,17,0.8974040000000001,0.98659,0.0,0.9398860000000001,2.9675543885971494,3.093597106998511,1.6056685150955021,1.5270003941663381
SNP,PASS,21151,18717,2434,18790,73,0,42,11,0.8849229999999999,0.996115,0.0,0.937232,2.9675543885971494,3.1028159790438767,1.6056685150955021,1.5766803840877914
