Type,Filter,TRUTH.TOTAL,TRUTH.TP,TRUTH.FN,QUERY.TOTAL,QUERY.FP,QUERY.UNK,FP.gt,FP.al,METRIC.Recall,METRIC.Precision,METRIC.Frac_NA,METRIC.F1_Score,TRUTH.TOTAL.TiTv_ratio,QUERY.TOTAL.TiTv_ratio,TRUTH.TOTAL.het_hom_ratio,QUERY.TOTAL.het_hom_ratio
INDEL,ALL,936,730,206,1204,458,3,68,48,0.7799149999999999,0.6186510000000001,0.0024920000000000003,0.6899850000000001,,,1.76,4.215859030837004
INDEL,PASS,936,730,206,1204,458,3,68,48,0.7799149999999999,0.6186510000000001,0.0024920000000000003,0.6899850000000001,,,1.76,4.215859030837004
SNP,ALL,21151,18986,2165,19257,271,0,131,17,0.897641,0.985927,0.0,0.939715,2.9675543885971494,3.08786078098472,1.6056685150955021,1.529033105622701
SNP,PASS,21151,18986,2165,19257,271,0,131,17,0.897641,0.985927,0.0,0.939715,2.9675543885971494,3.08786078098472,1.6056685150955021,1.529033105622701
