Type,Filter,TRUTH.TOTAL,TRUTH.TP,TRUTH.FN,QUERY.TOTAL,QUERY.FP,QUERY.UNK,FP.gt,FP.al,METRIC.Recall,METRIC.Precision,METRIC.Frac_NA,METRIC.F1_Score,TRUTH.TOTAL.TiTv_ratio,QUERY.TOTAL.TiTv_ratio,TRUTH.TOTAL.het_hom_ratio,QUERY.TOTAL.het_hom_ratio
INDEL,ALL,499697,443652,56045,799205,20401,322742,19530,232,0.887842,0.957182,0.403829,0.9212090000000001,,,1.6686591628077576,1.4408911768064416
INDEL,PASS,499697,429784,69913,740159,19551,278530,19012,164,0.860089,0.9576479999999999,0.376311,0.906251,,,1.6686591628077576,1.3736384537309367
SNP,ALL,3042789,2931923,110866,3718083,18827,766684,13975,620,0.963564,0.9936209999999999,0.206204,0.9783620000000001,2.1092582754393137,1.99213360560375,1.5488043368971411,1.5761498017069422
SNP,PASS,3042789,2882891,159898,3560884,15300,661991,13310,214,0.94745,0.9947219999999999,0.185906,0.970511,2.1092582754393137,2.034714606940706,1.5488043368971411,1.5417783521717088
