Type,Filter,TRUTH.TOTAL,TRUTH.TP,TRUTH.FN,QUERY.TOTAL,QUERY.FP,QUERY.UNK,FP.gt,FP.al,METRIC.Recall,METRIC.Precision,METRIC.Frac_NA,METRIC.F1_Score,TRUTH.TOTAL.TiTv_ratio,QUERY.TOTAL.TiTv_ratio,TRUTH.TOTAL.het_hom_ratio,QUERY.TOTAL.het_hom_ratio
INDEL,ALL,499697,479163,20534,977642,16630,460843,7770,1946,0.958907,0.9678209999999999,0.47138199999999997,0.9633440000000001,,,1.6686591628077576,2.000535794204598
INDEL,PASS,499697,477913,21784,957963,12340,446704,7731,1377,0.956406,0.975864,0.46630600000000005,0.966037,,,1.6686591628077576,1.958225984541774
SNP,ALL,3042790,2964303,78487,3934544,27282,942075,14995,1160,0.9742059999999999,0.990883,0.23943699999999998,0.982474,2.1092561204984466,1.9254997394731932,1.5488051747829876,1.5948611463018094
SNP,PASS,3042790,2958553,84237,3812434,20461,832539,14764,568,0.972316,0.993134,0.218375,0.982615,2.1092561204984466,1.978088242069482,1.5488051747829876,1.5880016598896893
