Type,Filter,TRUTH.TOTAL,TRUTH.TP,TRUTH.FN,QUERY.TOTAL,QUERY.FP,QUERY.UNK,FP.gt,FP.al,METRIC.Recall,METRIC.Precision,METRIC.Frac_NA,METRIC.F1_Score,TRUTH.TOTAL.TiTv_ratio,QUERY.TOTAL.TiTv_ratio,TRUTH.TOTAL.het_hom_ratio,QUERY.TOTAL.het_hom_ratio
INDEL,ALL,499697,469193,30504,879556,14701,376497,10476,899,0.9389549999999999,0.970777,0.42805299999999996,0.954601,,,1.6686591628077576,1.6897183371092264
INDEL,PASS,499697,469193,30504,879556,14701,376497,10476,899,0.9389549999999999,0.970777,0.42805299999999996,0.954601,,,1.6686591628077576,1.6897183371092264
SNP,ALL,3042789,2957629,85160,3816704,35221,822990,16597,1949,0.9720129999999999,0.9882350000000001,0.21562800000000001,0.980057,2.1092582754393137,1.9729416556152664,1.5488043368971411,1.6395977788447835
SNP,PASS,3042789,2957629,85160,3816704,35221,822990,16597,1949,0.9720129999999999,0.9882350000000001,0.21562800000000001,0.980057,2.1092582754393137,1.9729416556152664,1.5488043368971411,1.6395977788447835
