Type,Filter,TRUTH.TOTAL,TRUTH.TP,TRUTH.FN,QUERY.TOTAL,QUERY.FP,QUERY.UNK,FP.gt,FP.al,METRIC.Recall,METRIC.Precision,METRIC.Frac_NA,METRIC.F1_Score,TRUTH.TOTAL.TiTv_ratio,QUERY.TOTAL.TiTv_ratio,TRUTH.TOTAL.het_hom_ratio,QUERY.TOTAL.het_hom_ratio
INDEL,ALL,499697,469144,30553,882361,15124,378933,10557,948,0.9388569999999999,0.969958,0.429453,0.9541540000000001,,,1.6686591628077576,1.6964001184889541
INDEL,PASS,499697,469144,30553,882361,15124,378933,10557,948,0.9388569999999999,0.969958,0.429453,0.9541540000000001,,,1.6686591628077576,1.6964001184889541
SNP,ALL,3042789,2957634,85155,3868014,42081,867435,17454,2511,0.9720139999999999,0.9859760000000001,0.22425799999999999,0.9789450000000001,2.1092582754393137,1.9486695057859502,1.5488043368971411,1.6559544703607407
SNP,PASS,3042789,2957634,85155,3868014,42081,867435,17454,2511,0.9720139999999999,0.9859760000000001,0.22425799999999999,0.9789450000000001,2.1092582754393137,1.9486695057859502,1.5488043368971411,1.6559544703607407
