Type,Filter,TRUTH.TOTAL,TRUTH.TP,TRUTH.FN,QUERY.TOTAL,QUERY.FP,QUERY.UNK,FP.gt,FP.al,METRIC.Recall,METRIC.Precision,METRIC.Frac_NA,METRIC.F1_Score,TRUTH.TOTAL.TiTv_ratio,QUERY.TOTAL.TiTv_ratio,TRUTH.TOTAL.het_hom_ratio,QUERY.TOTAL.het_hom_ratio
INDEL,ALL,499697,488531,11166,996680,9155,477464,6252,913,0.9776540000000001,0.982368,0.479054,0.9800049999999999,,,1.6686591628077576,1.9519834574834178
INDEL,PASS,499697,487386,12311,982331,8355,465060,6237,749,0.9753629999999999,0.983848,0.473425,0.9795870000000001,,,1.6686591628077576,1.9299139110639316
SNP,ALL,3042790,3013096,29694,4061417,33756,1013689,20201,1238,0.990241,0.988924,0.24959,0.989582,2.1092561204984466,1.9218000838539446,1.5488051747829876,1.621849320244375
SNP,PASS,3042790,3009103,33687,3926678,26262,890437,20113,576,0.9889290000000001,0.99135,0.226766,0.990138,2.1092561204984466,1.9803645595436632,1.5488051747829876,1.6169389200283255
