Type,Filter,TRUTH.TOTAL,TRUTH.TP,TRUTH.FN,QUERY.TOTAL,QUERY.FP,QUERY.UNK,FP.gt,FP.al,METRIC.Recall,METRIC.Precision,METRIC.Frac_NA,METRIC.F1_Score,TRUTH.TOTAL.TiTv_ratio,QUERY.TOTAL.TiTv_ratio,TRUTH.TOTAL.het_hom_ratio,QUERY.TOTAL.het_hom_ratio
INDEL,ALL,499697,464574,35123,854215,14631,357005,11300,886,0.9297110000000001,0.9705739999999999,0.417933,0.9497030000000001,,,1.6686591628077576,1.6139380841449382
INDEL,PASS,499697,457596,42101,818568,12193,330758,10747,549,0.915747,0.9750049999999999,0.404069,0.9444469999999999,,,1.6686591628077576,1.6094583170763428
SNP,ALL,3042789,2952353,90436,3782737,24840,804710,12992,1669,0.9702790000000001,0.9916590000000001,0.212732,0.9808520000000001,2.1092582754393137,1.9800180987777418,1.5488043368971411,1.6078945934594038
SNP,PASS,3042789,2920467,122322,3645333,16255,707785,12387,457,0.959799,0.994466,0.194162,0.976825,2.1092582754393137,2.016944440537251,1.5488043368971411,1.5860271522755822
